{
  "document": {
    "accuracy": 0.7993333333333333,
    "f1": 0.8442834971546819,
    "precision": 0.8745980707395499,
    "recall": 0.816,
    "average_precision": 0.947864576787808,
    "roc_auc": 0.872616
  },
  "sentence": {
    "accuracy": 0.7832082551594747,
    "f1": 0.8340871562926269,
    "precision": 0.844699723716737,
    "recall": 0.8237379466817925,
    "average_precision": 0.943309204416396,
    "roc_auc": 0.8673816253161502
  }
}
